{
  "source_files": {
    "open_loop_csv": "log\\fs_\u5f00\u73af\u9636\u8dc3\u54cd\u5e94.csv",
    "closed_loop_csv": "log\\fs_\u5815\u843d\u57ce\u4fdd\u536b\u6218\u6d4b\u8bd5.csv"
  },
  "open_loop_metrics": {
    "segments": {
      "OL:0>0": {
        "n": 30,
        "mean": 17.163333333333334,
        "median": 17.200000000000003,
        "p5": 13.305000000000001,
        "p1": 11.693,
        "min": 11.2,
        "max": 22.6,
        "std": 2.3953403840697787,
        "below_20_count": 28,
        "below_20_rate": 0.9333333333333333,
        "dt_mean_s": 1.7674827586206896,
        "dt_min_s": 1.327,
        "dt_max_s": 2.688
      },
      "OL:0>1": {
        "n": 15,
        "mean": 16.893333333333334,
        "median": 16.9,
        "p5": 14.71,
        "p1": 13.982000000000001,
        "min": 13.8,
        "max": 18.9,
        "std": 1.3935406544322828,
        "below_20_count": 15,
        "below_20_rate": 1.0,
        "dt_mean_s": 3.6027857142857145,
        "dt_min_s": 3.174,
        "dt_max_s": 4.342
      },
      "OL:1>0": {
        "n": 30,
        "mean": 15.486666666666668,
        "median": 15.649999999999999,
        "p5": 12.79,
        "p1": 11.28,
        "min": 10.7,
        "max": 18.7,
        "std": 1.931792489431052,
        "below_20_count": 30,
        "below_20_rate": 1.0,
        "dt_mean_s": 1.9784827586206897,
        "dt_min_s": 1.605,
        "dt_max_s": 2.815
      },
      "OL:1>2": {
        "n": 10,
        "mean": 20.19,
        "median": 19.65,
        "p5": 18.525000000000002,
        "p1": 18.345000000000002,
        "min": 18.3,
        "max": 23.6,
        "std": 1.538473269186046,
        "below_20_count": 6,
        "below_20_rate": 0.6,
        "dt_mean_s": 4.468666666666667,
        "dt_min_s": 3.815,
        "dt_max_s": 4.926
      },
      "OL:2>1": {
        "n": 15,
        "mean": 16.633333333333333,
        "median": 16.2,
        "p5": 14.97,
        "p1": 14.914,
        "min": 14.9,
        "max": 19.1,
        "std": 1.332499739420446,
        "below_20_count": 15,
        "below_20_rate": 1.0,
        "dt_mean_s": 3.601785714285714,
        "dt_min_s": 3.146,
        "dt_max_s": 4.019
      },
      "OL:2>3": {
        "n": 7,
        "mean": 19.514285714285712,
        "median": 19.4,
        "p5": 19.03,
        "p1": 19.006,
        "min": 19.0,
        "max": 20.3,
        "std": 0.48529393575608654,
        "below_20_count": 5,
        "below_20_rate": 0.7142857142857143,
        "dt_mean_s": 6.191666666666666,
        "dt_min_s": 5.937,
        "dt_max_s": 6.325
      },
      "OL:3>2": {
        "n": 10,
        "mean": 20.080000000000002,
        "median": 20.049999999999997,
        "p5": 18.045,
        "p1": 18.009,
        "min": 18.0,
        "max": 23.8,
        "std": 1.6666133324799728,
        "below_20_count": 5,
        "below_20_rate": 0.5,
        "dt_mean_s": 4.5136666666666665,
        "dt_min_s": 3.789,
        "dt_max_s": 5.008
      }
    },
    "baseline_segment": "OL:0>0",
    "baseline_L0": {
      "n": 30,
      "mean": 17.163333333333334,
      "median": 17.200000000000003,
      "p5": 13.305000000000001,
      "p1": 11.693,
      "min": 11.2,
      "max": 22.6,
      "std": 2.3953403840697787,
      "below_20_count": 28,
      "below_20_rate": 0.9333333333333333,
      "dt_mean_s": 1.7674827586206896,
      "dt_min_s": 1.327,
      "dt_max_s": 2.688
    }
  },
  "closed_loop_metrics": {
    "samples": 195,
    "level_changes": 25,
    "scene_changes": 5,
    "manual_set": 1,
    "duration_s": 345.467,
    "fps": {
      "n": 195,
      "mean": 26.863076923076925,
      "median": 28.9,
      "p5": 18.290000000000003,
      "p1": 15.882,
      "min": 14.9,
      "max": 32.3,
      "std": 4.146282953129969,
      "below_20_count": 17,
      "below_20_rate": 0.08717948717948718
    },
    "switch_interval_mean_s": 13.576208333333334,
    "switch_interval_std_s": 7.46986760245882,
    "samples_by_level": {
      "0": {
        "n": 133,
        "pct": 68.2051282051282
      },
      "1": {
        "n": 29,
        "pct": 14.871794871794872
      },
      "2": {
        "n": 26,
        "pct": 13.333333333333334
      },
      "3": {
        "n": 7,
        "pct": 3.5897435897435894
      }
    },
    "mean_fps_by_level": {
      "0": 27.157894736842106,
      "1": 25.68275862068966,
      "2": 26.884615384615383,
      "3": 26.071428571428573
    },
    "dt_by_level": {
      "0": {
        "n": 132,
        "mean_s": 1.1543484848484848,
        "min_s": 0.93,
        "max_s": 1.928
      },
      "1": {
        "n": 29,
        "mean_s": 2.431448275862069,
        "min_s": 1.941,
        "max_s": 4.037
      },
      "2": {
        "n": 26,
        "mean_s": 3.4524615384615385,
        "min_s": 2.904,
        "max_s": 5.348
      },
      "3": {
        "n": 7,
        "mean_s": 4.688142857142857,
        "min_s": 4.02,
        "max_s": 6.047
      }
    },
    "time_by_level": {
      "0": {
        "time_s": 152.374,
        "pct": 44.10667299626303
      },
      "1": {
        "time_s": 70.512,
        "pct": 20.410632564036508
      },
      "2": {
        "time_s": 89.764,
        "pct": 25.983379020282687
      },
      "3": {
        "time_s": 32.817,
        "pct": 9.499315419417774
      }
    },
    "error_sign_changes": 33,
    "pid_terms": {
      "aligned": 195,
      "abs_P_min": 0.00610681972249694,
      "abs_P_max": 1.94011958305468,
      "abs_D_min": 0.00223701055891536,
      "abs_D_max": 1.27583530092658,
      "integral_saturation": {
        "threshold_abs": 1.49,
        "count": 190,
        "rate": 0.9743589743589743,
        "unsat_times_ms": [
          81073,
          157369,
          203938,
          268840,
          329325
        ]
      }
    },
    "candidate_mismatch": {
      "count": 69,
      "rate": 0.35384615384615387
    },
    "switch_gap_samples": {
      "switches": 25,
      "gaps": 24,
      "min": 2,
      "median": 4,
      "max": 29
    }
  },
  "kalman_gain": {
    "baseQ": 0.1,
    "R": 1.0,
    "dt_1s_K_inf": 0.27015621187164246,
    "dt_2s_K_inf": 0.358257569495584,
    "dt_3s_K_inf": 0.41789083458002735,
    "dt_4s_K_inf": 0.46332495807108
  },
  "describing_function_intersection": {
    "model": {
      "tau_s": 3.0,
      "sensor_delay_s": 2.0,
      "relay_m": 1.0,
      "hyst_delta": 0.5,
      "k0": 0.825
    },
    "naive": {
      "k0": 0.825,
      "min_distance": 2.634537383009644e-06,
      "w_rad_per_s": 0.5237970276451237,
      "freq_hz": 0.08336488612656359,
      "A": 0.5639531391569578,
      "L_at_min": {
        "re": -0.20487121328732605,
        "im": -0.3927016621836997
      },
      "minus_invN_at_min": {
        "re": -0.2048717442153,
        "im": -0.39269908169872414
      }
    },
    "effective_downgrade_n2": {
      "k0": 0.4125,
      "min_distance": 0.10888362996431628,
      "w_rad_per_s": 0.3364609095483334,
      "freq_hz": 0.05354941691181235,
      "A": 0.500001,
      "L_at_min": {
        "re": 0.031237524610007304,
        "im": -0.28863094408637
      },
      "minus_invN_at_min": {
        "re": -0.0007853985560979453,
        "im": -0.39269908169872414
      }
    },
    "effective_upgrade_n3": {
      "k0": 0.27499999999999997,
      "min_distance": 0.19967164299268897,
      "w_rad_per_s": 0.31198590230440487,
      "freq_hz": 0.04965409852673118,
      "A": 0.500001,
      "L_at_min": {
        "re": 0.03880436548892344,
        "im": -0.19699160713972994
      },
      "minus_invN_at_min": {
        "re": -0.0007853985560979453,
        "im": -0.39269908169872414
      }
    }
  }
}